{
    "AMZN": {
        "Revenue": 574785000000.0,
        "Net Income": 30425000000.0,
        "Total Assets": 527854000000.0,
        "Total Equity": 201875000000.0,
        "EBITDA": 89402000000.0,
        "ROA": 0.057639044129626754,
        "ROE": 0.15071207430340558,
        "ROIC": 0.19460010966090532,
        "EBITDA Margin": 0.15553989752690137,
        "FCF": 32217000000.0,
        "NOPLAT": 70627580000.0,
        "WACC": 0.087249191933556,
        "VAN": 369252703503.94336
    },
    "AAPL": {
        "Revenue": 383285000000.0,
        "Net Income": 96995000000.0,
        "Total Assets": 352583000000.0,
        "Total Equity": 62146000000.0,
        "EBITDA": 129188000000.0,
        "ROA": 0.27509834563776475,
        "ROE": 1.5607601454639075,
        "ROIC": 0.4923821975636232,
        "EBITDA Margin": 0.33705467211083134,
        "FCF": 99584000000.0,
        "NOPLAT": 102058520000.0,
        "WACC": 0.053809702483346225,
        "VAN": 1850669961069.2075
    },
    "GOOGL": {
        "Revenue": 307394000000.0,
        "Net Income": 73795000000.0,
        "Total Assets": 402392000000.0,
        "Total Equity": 283379000000.0,
        "EBITDA": 97971000000.0,
        "ROA": 0.18339082287918249,
        "ROE": 0.26041096905557576,
        "ROIC": 0.24142982363106638,
        "EBITDA Margin": 0.318714743944254,
        "FCF": 69495000000.0,
        "NOPLAT": 77397090000.0,
        "WACC": 0.09680378256996637,
        "VAN": 717895501136.7604
    },
    "AXON": {
        "Revenue": 1563391000.0,
        "Net Income": 174227000.0,
        "Total Assets": 3436845000.0,
        "Total Equity": 1612034000.0,
        "EBITDA": 194633000.0,
        "ROA": 0.050693877669781444,
        "ROE": 0.10807898592709583,
        "ROIC": 0.058311452643203546,
        "EBITDA Margin": 0.12449412846818231,
        "FCF": 128993000.0,
        "NOPLAT": 153760070.0,
        "WACC": 0.07283475023666021,
        "VAN": 1771036484.382333
    }
}